id;name;location;date
1;Chair Tanzanian card;copying;2023-03-29T11:02:47
2;Rubber marchi Future;Berkshire invoice;2023-03-29T07:47:59
3;Uruguayo;withdrawal;2023-03-29T08:33:07
4;Fresh massimizzate;XSS Analyst;2023-03-28T17:06:05
5;bypass copying Incredible;metriche Bedfordshire Investment;2023-03-29T13:48:59
6;Incredible estesa;Finestra;2023-03-29T02:19:25
7;wireless Account;online Cambridgeshire;2023-03-28T15:56:55
8;Hub;Hat programming;2023-03-28T21:20:09
9;Frozen Generic;Marocco;2023-03-28T17:34:47
10;hacking primary multi-byte;Suriname lavender;2023-03-28T19:41:25
